{
  "matlib": {
    "materials": {

      // bright white light
      "mat0": {
        "name": "white_light_matmat",
        "type": 0,
        "luminosity": 20.0,
        "color": {
          "r": 1,
          "g": 1,
          "b": 1
        }
      },

      // dim white light
      "mat1": {
        "name": "dim_white_light_matmat",
        "type": 0,
        "luminosity": 2.0,
        "color": {
          "r": 1,
          "g": 1,
          "b": 1
        }
      },

      // bright yellow light
      "mat2": {
        "name": "yellow_light_matmat",
        "type": 0,
        "luminosity": 20.0,
        "color": {
          "r": 1.0,
          "g": 1.0,
          "b": 0.6
        }
      },

      // dim yellow light
      "mat3": {
        "name": "dim_yellow_light_matmat",
        "type": 0,
        "luminosity": 4.0,
        "color": {
          "r": 1.0,
          "g": 1.0,
          "b": 0.1
        }
      },

      // perfect mirror
      "mat4": {
        "name": "perfect_mirror_mirmat",
        "type": 1,
        "luminosity": 0.0,
        "color": {
          "r": 1.0,
          "g": 1.0,
          "b": 1.0
        }
      },

      // mirror (0.95)
      "mat5": {
        "name": "mirror_mirmat",
        "type": 1,
        "luminosity": 0.0,
        "color": {
          "r": 0.95,
          "g": 0.95,
          "b": 0.95
        }
      },

      // perfect white diffuse
      "mat6": {
        "name": "perfect_white_matmat",
        "type": 0,
        "luminosity": 0.0,
        "color": {
          "r": 1,
          "g": 1,
          "b": 1
        }
      },

      // white diffuse
      "mat7": {
        "name": "white_matmat",
        "type": 0,
        "luminosity": 0.0,
        "color": {
          "r": 0.90,
          "g": 0.90,
          "b": 0.90
        }
      },

      // dark blue diffuse
      "mat8": {
        "name": "dark_blue_matmat",
        "type": 0,
        "luminosity": 0.0,
        "color": {
          "r": 0.15,
          "g": 0.35,
          "b": 0.75
        }
      },

      // light blue diffuse
      "mat9": {
        "name": "light_blue_matmat",
        "type": 0,
        "luminosity": 0.0,
        "color": {
          "r": 0.43,
          "g": 0.65,
          "b": 0.94
        }
      },

      // pink diffuse
      "mat10": {
        "name": "pink_matmat",
        "type": 0,
        "luminosity": 0.0,
        "color": {
          "r": 0.87,
          "g": 0.56,
          "b": 0.6
        }
      },

      // red diffuse
      "mat11": {
        "name": "red_matmat",
        "type": 0,
        "luminosity": 0.0,
        "color": {
          "r": 0.95,
          "g": 0.1,
          "b": 0.1
        }
      },

      // green diffuse
      "mat12": {
        "name": "green_matmat",
        "type": 0,
        "luminosity": 0.0,
        "color": {
          "r": 0.1,
          "g": 0.95,
          "b": 0.1
        }
      },

      // dark red diffuse
      "mat13": {
        "name": "dark_red_matmat",
        "type": 0,
        "luminosity": 0.0,
        "color": {
          "r": 0.84,
          "g": 0.33,
          "b": 0.58
        }
      },

      // yellow green diffuse
      "mat14": {
        "name": "yellow_green_matmat",
        "type": 0,
        "luminosity": 0.0,
        "color": {
          "r": 0.5,
          "g": 0.7,
          "b": 0.3
        }
      },

      // light yellow diffuse
      "mat15": {
        "name": "light_yellow_matmat",
        "type": 0,
        "luminosity": 0.0,
        "color": {
          "r": 0.9,
          "g": 0.9,
          "b": 0.7
        }
      }
    },
    "number of materials": 16
  }
}
