{
  "matlib": {
    // note: only the indices of refraction are correct, not the beer coefficients
    "materials": {

      // glass
      "mat0": {
        "name": "glass_transmat",
        "type": 2,
        "luminosity": 0.0,
        "color": {
          "r": 1,
          "g": 1,
          "b": 1
        },
        "beer coefficients": {
          "x": 0.0,
          "y": 0.0,
          "z": 0.0
        },
        "ior": 1.55
      },

      // water
      "mat1": {
        "name": "water_transmat",
        "type": 2,
        "luminosity": 0.0,
        "color": {
          "r": 1,
          "g": 1,
          "b": 1
        },
        "beer coefficients": {
          "x": 0.2,
          "y": 0.1,
          "z": 0.05
        },
        "ior": 1.3333
      },

      // ice
      "mat2": {
        "name": "ice_transmat",
        "type": 2,
        "luminosity": 0.0,
        "color": {
          "r": 1,
          "g": 1,
          "b": 1
        },
        "beer coefficients": {
          "x": 1.0,
          "y": 0.5,
          "z": 0.2
        },
        "ior": 1.31
      },

      // sapphire
      "mat3": {
        "name": "sapphire_transmat",
        "type": 2,
        "luminosity": 0.0,
        "color": {
          "r": 1,
          "g": 1,
          "b": 1
        },
        "beer coefficients": {
          "x": 8.0,
          "y": 6.0,
          "z": 1.0
        },
        "ior": 1.77
      },

      // diamond
      "mat4": {
        "name": "diamond_transmat",
        "type": 2,
        "luminosity": 0.0,
        "color": {
          "r": 1,
          "g": 1,
          "b": 1
        },
        "beer coefficients": {
          "x": 0.0,
          "y": 0.0,
          "z": 0.0
        },
        "ior": 2.417
      }

    },
    "number of materials": 5
  }
}
