{
  "scene": {

    // matlibs to load
    "matlibs": {
      "matlib0": "matlib_transparent.json",
      "matlib1": "matlib_standard.json"
    },
    "number of matlibs": 2,

    // objects to instantiate
    "objects": {

      ////////////////////////////////////////////////
      // walls
      ////////////////////////////////////////////////
      "object0": {
        "object type": 5,
        "material": "dark_blue_matmat",
        "position": {
          "x": -1.0,
          "y": 0,
          "z": -2.0
        },
        "scale": {
          "x": 0.1,
          "y": 1.0,
          "z": 3.0
        },
        "rotation": {
          "x": 0,
          "y": 0,
          "z": 0
        },
        "width": 1.0,
        "height": 1.0,
        "depth": 1.0
      },

      "object1": {
        "object type": 5,
        "material": "pink_matmat",
        "position": {
          "x": 1.0,
          "y": 0.0,
          "z": -2.0
        },
        "scale": {
          "x": 0.1,
          "y": 1.0,
          "z": 3.0
        },
        "rotation": {
          "x": 0,
          "y": 0,
          "z": 0
        },
        "width": 1.0,
        "height": 1.0,
        "depth": 1.0
      },

      "object2": {
        "object type": 5,
        "material": "light_blue_matmat",
        "position": {
          "x": 0,
          "y": -0.5,
          "z": -2
        },
        "scale": {
          "x": 1.0,
          "y": 0.1,
          "z": 3.0
        },
        "rotation": {
          "x": 0,
          "y": 0,
          "z": 0
        },
        "width": 1.0,
        "height": 1.0,
        "depth": 1.0
      },

      "object3": {
        "object type": 5,
        "material": "dark_red_matmat",
        "position": {
          "x": 0.0,
          "y": 1.0,
          "z": -2.0
        },
        "scale": {
          "x": 1.0,
          "y": 0.1,
          "z": 3.0
        },
        "rotation": {
          "x": 0,
          "y": 0,
          "z": 0
        },
        "width": 1.0,
        "height": 1.0,
        "depth": 1.0
      },

      "object4": {
        "object type": 5,
        "material": "yellow_green_matmat",
        "position": {
          "x": 0,
          "y": 0,
          "z": -5
        },
        "scale": {
          "x": 1.0,
          "y": 1.0,
          "z": 0.1
        },
        "rotation": {
          "x": 0,
          "y": 0,
          "z": 0
        },
        "width": 1.0,
        "height": 1.0,
        "depth": 1.0
      },

      "object5": {
        "object type": 5,
        "material": "dim_white_light_matmat",
        "position": {
          "x": 0,
          "y": 0,
          "z": 1
        },
        "scale": {
          "x": 1.0,
          "y": 1.0,
          "z": 0.1
        },
        "rotation": {
          "x": 0,
          "y": 0,
          "z": 0
        },
        "width": 1.0,
        "height": 1.0,
        "depth": 1.0
      },

      // mirror sphere to show off back of scene
      "object6": {
        "object type": 1,
        "material": "mirror_mirmat",
        "position": {
          "x": 0.6,
          "y": 0.4,
          "z": -2.5
        },
        "scale": {
          "x": 1,
          "y": 1,
          "z": 1
        },
        "rotation": {
          "x": 0,
          "y": 0,
          "z": 0
        },
        "radius": 0.4
      },

      // happy little bunny
      "object7": {
        "object type": 4,
        "material": "perfect_white_matmat",
        "position": {
          "x": -0.3,
          "y": -0.1,
          "z": -1.5
        },
        "scale": {
          "x": 0.75,
          "y": 0.75,
          "z": 0.75
        },
        "rotation": {
          "x": 0,
          "y": 0,
          "z": 0
        }
      },

      // ice teapot for good measure
      "object8": {
        "object type": 3,
        "material": "glass_transmat",
        "position": {
          "x": 0.42,
          "y": -0.4,
          "z": -1.8
        },
        "scale": {
          "x": 0.08,
          "y": 0.08,
          "z": 0.08
        },
        "rotation": {
          "x": 0,
          "y": 330,
          "z": 0
        }
      },

      // bunny's halo
      "object9": {
        "object type": 2,
        "material": "dim_yellow_light_matmat",
        "position": {
          "x": -0.55,
          "y": 0.23,
          "z": -1.3
        },
        "scale": {
          "x": 1,
          "y": 1,
          "z": 1
        },
        "rotation": {
          "x": 110,
          "y": 0,
          "z": 0
        },
        "inner radius": 0.12,
        "outer radius": 0.15
      }
    },
    "number of objects": 10
  }
}
