{
  "scene": {
    // matlibs to load
    "matlibs": {
      "matlib0": "matlib_transparent.json",
      "matlib1": "matlib_standard.json"
    },
    "number of matlibs": 2,

    "objects": {

      ////////////////////////////////////////////////
      // walls
      ////////////////////////////////////////////////
      "object0": {
        "object type": 5,
        "material": "red_matmat",
        "position": {
          "x": -1.0,
          "y": 0.0,
          "z": -3.0
        },
        "scale": {
          "x": 0.1,
          "y": 1.0,
          "z": 3.0
        },
        "rotation": {
          "x": 0,
          "y": 0,
          "z": 0
        },
        "width": 1.0,
        "height": 1.0,
        "depth": 1.0
      },

      "object1": {
        "object type": 5,
        "material": "green_matmat",
        "position": {
          "x": 1.0,
          "y": 0.0,
          "z": -3.0
        },
        "scale": {
          "x": 0.1,
          "y": 1.0,
          "z": 3.0
        },
        "rotation": {
          "x": 0.0,
          "y": 0.0,
          "z": 0.0
        },
        "width": 1.0,
        "height": 1.0,
        "depth": 1.0
      },

      "object2": {
        "object type": 5,
        "material": "light_yellow_matmat",
        "position": {
          "x": 0.0,
          "y": -1.0,
          "z": -3.0
        },
        "scale": {
          "x": 1.0,
          "y": 0.1,
          "z": 3.0
        },
        "rotation": {
          "x": 0.0,
          "y": 0.0,
          "z": 0.0
        },
        "width": 1.0,
        "height": 1.0,
        "depth": 1.0
      },

      "object3": {
        "object type": 5,
        "material": "light_yellow_matmat",
        "position": {
          "x": 0.0,
          "y": 1.0,
          "z": -3.0
        },
        "scale": {
          "x": 1.0,
          "y": 0.1,
          "z": 3.0
        },
        "rotation": {
          "x": 0.0,
          "y": 0.0,
          "z": 0.0
        },
        "width": 1.0,
        "height": 1.0,
        "depth": 1.0
      },

      "object4": {
        "object type": 5,
        "material": "light_yellow_matmat",
        "position": {
          "x": 0,
          "y": 0,
          "z": -5
        },
        "scale": {
          "x": 1.0,
          "y": 1.0,
          "z": 0.1
        },
        "rotation": {
          "x": 0.0,
          "y": 0.0,
          "z": 0.0
        },
        "width": 1.0,
        "height": 1.0,
        "depth": 1.0
      },

      "object5": {
        "object type": 5,
        "material": "light_yellow_matmat",
        "position": {
          "x": 0.0,
          "y": 0.0,
          "z": 1.0
        },
        "scale": {
          "x": 1.0,
          "y": 1.0,
          "z": 0.1
        },
        "rotation": {
          "x": 0.0,
          "y": 0.0,
          "z": 0.0
        },
        "width": 1.0,
        "height": 1.0,
        "depth": 1.0
      },

      // light source
      "object6": {
        "object type": 5,
        "material": "yellow_light_matmat",
        "position": {
          "x": 0.0,
          "y": 1.0,
          "z": -4
        },
        "scale": {
          "x": 0.25,
          "y": 0.101,
          "z": 0.25
        },
        "rotation": {
          "x": 0.0,
          "y": 0.0,
          "z": 0.0
        },
        "width": 1.0,
        "height": 1.0,
        "depth": 1.0
      },

      // boxes
      "object7": {
        "object type": 5,
        "material": "light_yellow_matmat",
        "position": {
          "x": -0.2,
          "y": -0.35,
          "z": -4.3
        },
        "scale": {
          "x": 0.27,
          "y": 0.65,
          "z": 0.27
        },
        "rotation": {
          "x": 0.0,
          "y": 20.0,
          "z": 0.0
        },
        "width": 1.0,
        "height": 1.0,
        "depth": 1.0
      },

      "object8": {
        "object type": 5,
        "material": "light_yellow_matmat",
        "position": {
          "x": 0.3,
          "y": -0.73,
          "z": -3.5
        },
        "scale": {
          "x": 0.27,
          "y": 0.27,
          "z": 0.27
        },
        "rotation": {
          "x": 0,
          "y": 345,
          "z": 0
        },
        "width": 1.0,
        "height": 1.0,
        "depth": 1.0
      }
    },
    "number of objects": 9
  }
}
