{
  "scene": {

    // matlibs to load
    "matlibs": {
      "matlib0": "matlib_transparent.json",
      "matlib1": "matlib_standard.json"
    },
    "number of matlibs": 2,

    // objects to instantiate
    "objects": {

      ////////////////////////////////////////////////
      // walls
      ////////////////////////////////////////////////
      "object0": {
        "object type": 5,
        "material": "white_matmat",
        "position": {
          "x": -1.0,
          "y": 0,
          "z": -2
        },
        "scale": {
          "x": 0.1,
          "y": 1.0,
          "z": 3.0
        },
        "rotation": {
          "x": 0,
          "y": 0,
          "z": 0
        },
        "width": 1.0,
        "height": 1.0,
        "depth": 1.0
      },

      "object1": {
        "object type": 5,
        "material": "white_matmat",
        "position": {
          "x": 1.0,
          "y": 0.0,
          "z": -2.0
        },
        "scale": {
          "x": 0.1,
          "y": 1.0,
          "z": 3.0
        },
        "rotation": {
          "x": 0,
          "y": 0,
          "z": 0
        },
        "width": 1.0,
        "height": 1.0,
        "depth": 1.0
      },

      "object2": {
        "object type": 5,
        "material": "white_matmat",
        "position": {
          "x": 0,
          "y": -0.5,
          "z": -2
        },
        "scale": {
          "x": 1.0,
          "y": 0.1,
          "z": 3.0
        },
        "rotation": {
          "x": 0,
          "y": 0,
          "z": 0
        },
        "width": 1.0,
        "height": 1.0,
        "depth": 1.0
      },

      "object3": {
        "object type": 5,
        "material": "white_matmat",
        "position": {
          "x": 0.0,
          "y": 1.0,
          "z": -2.0
        },
        "scale": {
          "x": 1.0,
          "y": 0.1,
          "z": 3.0
        },
        "rotation": {
          "x": 0,
          "y": 0,
          "z": 0
        },
        "width": 1.0,
        "height": 1.0,
        "depth": 1.0
      },

      "object4": {
        "object type": 5,
        "material": "white_matmat",
        "position": {
          "x": 0,
          "y": 0,
          "z": -5
        },
        "scale": {
          "x": 1.0,
          "y": 1.0,
          "z": 0.1
        },
        "rotation": {
          "x": 0,
          "y": 0,
          "z": 0
        },
        "width": 1.0,
        "height": 1.0,
        "depth": 1.0
      },

      "object5": {
        "object type": 5,
        "material": "dim_white_light_matmat",
        "position": {
          "x": 0,
          "y": 0,
          "z": 1
        },
        "scale": {
          "x": 1.0,
          "y": 1.0,
          "z": 0.1
        },
        "rotation": {
          "x": 0,
          "y": 0,
          "z": 0
        },
        "width": 1.0,
        "height": 1.0,
        "depth": 1.0
      },

      // mirror sphere to show off back of scene
      "object6": {
        "object type": 1,
        "material": "mirror_mirmat",
        "position": {
          "x": 0.6,
          "y": 0.4,
          "z": -2.5
        },
        "scale": {
          "x": 1,
          "y": 1,
          "z": 1
        },
        "rotation": {
          "x": 0,
          "y": 0,
          "z": 0
        },
        "radius": 0.4
      },

      // happy little bunny
      "object7": {
        "object type": 4,
        "material": "ice_transmat",
        "position": {
          "x": 0.0,
          "y": -0.1,
          "z": -1.5
        },
        "scale": {
          "x": 0.75,
          "y": 0.75,
          "z": 0.75
        },
        "rotation": {
          "x": 0,
          "y": 0,
          "z": 0
        }
      }
    },
    "number of objects": 8
  }
}
