{
  "params": {


    ///////////////////////////////////////////////////////////////////////////
    // image parameters

    // scene in Data/Scenes/ to render
    "scene_name": "bunny_scene.json",
    // the name of the output file
    "output_file_name": "example_16384",
    // image resolution width
    "img_width": 1980,
    // image resolution height
    "img_height": 1080,
    // the required samples per pixel
    "spp": 16384,
    // camera location
    "cam_loc": {
      "x": 0.0,
      "y": 0.0,
      "z": 0.0
    },
    // camera rotation
    "cam_rot": {
      "x": 0.0,
      "y": 0.0,
      "z": 0.0
    },


    ///////////////////////////////////////////////////////////////////////////
    // render execution parameters

    // if true, it will repeat the rendering process
    "quit_when_done": true,
    // if true, each line will be outputted when done rendering. Else, each frame
    "show_per_line": true,
    // if true execution will never stop, and debug options will be available
    "debugging": false
  }
}
